{
  "name": "WEDA-FALL (Subject 9, F1=98.27%)",
  "best_epoch": 10,
  "epochs": [
    0,
    1,
    2,
    3,
    4,
    5,
    6,
    7,
    8,
    9,
    10,
    11,
    12,
    13,
    14
  ],
  "train_losses": [
    0.001431352731075186,
    0.00044571078413653596,
    0.0002836518763103465,
    0.000216067729736495,
    0.00018039984014304997,
    0.0001657749028980192,
    0.00013591615411395042,
    0.00011704796995062213,
    0.00011559152248556344,
    0.00010294790481495605,
    8.997474508744139e-05,
    0.0001021154825336957,
    9.393213799657031e-05,
    7.45511996445521e-05,
    7.487244207460197e-05
  ],
  "val_losses": [
    0.001327808463721566,
    0.0005110878991528863,
    0.0007359010032771189,
    0.000970644015583253,
    0.0008185783906847854,
    0.0006009498692002591,
    0.0008014814879498077,
    0.0003989391899527096,
    0.0009235513370424011,
    0.0007606362111814488,
    0.00039206004971904795,
    0.0005131343276081539,
    0.0009158149108197443,
    0.0006886485123691243,
    0.001479519262398817
  ]
}