{
  "config": "config/smartfallmm/kalman_ablation/balanced_lkf_euler.yaml",
  "training_subjects": [
    2,
    3,
    4,
    5,
    6,
    7,
    9,
    10,
    11,
    13,
    14,
    15,
    16,
    17,
    18,
    19,
    21,
    22,
    23,
    25,
    26,
    29,
    30,
    32,
    35,
    39,
    45,
    59,
    31,
    34,
    36,
    37,
    38,
    43,
    44,
    46,
    49,
    50,
    51,
    52,
    53,
    54,
    55,
    56,
    58,
    60,
    61,
    62,
    63
  ],
  "validation_subjects": [
    48,
    57
  ],
  "num_training_subjects": 49,
  "num_windows": 3536,
  "seq_len": 128,
  "num_samples_fitted": 452608,
  "acc_channels": 4,
  "include_smv": true,
  "kalman_enabled": true,
  "channel_names": [
    "SMV",
    "ax",
    "ay",
    "az"
  ],
  "mean": [
    10.871004396711099,
    -2.823396246654305,
    -2.3004914338733884,
    3.539754046408188
  ],
  "std": [
    6.085698027863234,
    6.823753686863895,
    6.259919788487321,
    6.6083705283698375
  ],
  "var": [
    37.03572048633846,
    46.56361437898859,
    39.18659575829515,
    43.67056104022705
  ]
}